{"cameraMode":{"drawMode":0,"name":"Shaded","section":"Shading Mode"},"sceneLighting":true,"audioPlay":false,"sceneViewState":{"showFog":true,"showMaterialUpdate":false,"showSkybox":true,"showFlares":true,"showImageEffects":true,"showParticleSystems":true},"in2DMode":false,"pivot":{"x":-2.3128795623779299,"y":-8.872468948364258,"z":-17.344079971313478},"rotation":{"x":-0.015305926091969014,"y":0.9696603417396545,"z":-0.23607687652111054,"w":-0.0635327696800232},"size":10.309602737426758,"orthographic":false}